id,text,total:amount-grouped,subtotal:amount-grouped,tax:amount-grouped
CORD-TEST-000,"901016 -TICKET CP

5, 60,000 £0,000

TOTAL DISC $ -H0.000

TAK 5.455

Subtotal 40.000
TOTAL caty 2.00 60,000
- EDC CINB NIAGA No: xx7730 60,000

bs eda Turn,",60000,60000,5455
CORD-TEST-001,"ee

ss
TOTAL 91000
CASH 91000",91000,,
CORD-TEST-002,"1 58 IKAN 24,000

NUN EEE Toa 4,000

SUB {UT 28,000
TOTAL 34088 28, 006
TOTAL TTS \
CASH Oe 400,008
CHAN 4 oa""
a Jum Mp3 102",28000,28000,
CORD-TEST-003,"aU
<= @ a v0 KAK ———
Tn 611000
DONAT GULA 11,000
1.00xITEHS
SUBTOTAL 11,000
TOTAL ee
CASH 1,000",11000,11000,
CORD-TEST-004,"a ada s 7 i
— 7 ta ea _ —
Hu £
adu le
Jag NX
tap i
alee ne F
“GOA vr",174600,194000,
CORD-TEST-005,"TRAD KY TOAST CARTE 28.182
ITEMS 1.00
SUBTTL 28.182
PB-1 10% 2.818
TOTAL 31.000
CASH 31.000
ar
a
a",31000,28182,2818
CORD-TEST-006,". ares e St Hurt
Kan ar.
+ 3EDBEAN BIRO i
TOTAL 46,000
ASH 50,000
SHANGE 4,000
2 a
a DA GA
wt",46000,,
CORD-TEST-007,"Kis 45 ANA no
Kupon aa BAR SU
ADD CHICKEN Boy R09
subtotal : : 106, 709
PRL) oe eng
Total ee Cue 3
: a
Ma ae maa na
aa ee
oe eo asi
na Hen Pee Na Ce TA",111000,100909,10091
CORD-TEST-008,"FES
q 0
45,455
| 4545
:
“ 50,000
1 50,000",50000,45455,4545
CORD-TEST-009,"4
Bumbu Kaldu Ayam 1 noon
36000 36000. :
Sub Total aag0g ea
Discount (0 %) 1
Tuna 0000 :
a eee
"" ” ""3
Kembalian 14000 ogee
re. i “oo en £
apa bl
San oe ay",,36000,
CORD-TEST-010,"er ey
Aa aan
ees
Ate)
(CY Wae Ammu
CINNAMON SUGAR
4a DOU 17,000
SUB TOTAL ; 17,000
GRAND TOTAL 17,000
CASH IDR 20,000
CHANGE DUE 3,000
oe
ee MA rn",17000,17000,
CORD-TEST-011,"- "" PA

Pe et ud aa

5 ee ane | a p be oo
sy  &. Ennoa2 “ea
Ma SE ee
Tn OO aa
oe ML
Ta Woh ni
: Paten
ce
Pee
ee Tg
Pee er

— |

ey

ee

sea an

eee",230000,,
CORD-TEST-012,"29
-
0571-1854 RLUS WAIT
$ 1 8120, 00 Ia Ita
1062-9989 SHOPPING
1 os 3
OTAL (3 1
CC. Visa
Tota!
, oS 4
we Pe",120000,,
CORD-TEST-013,"GB
-
esl
5
A
©,
rae
Gg
Ne ea Y
| >
| | —
Si aT Kon TOURNEY >
ai
en ce An
am 12 5 4 7 u Er
Pe ae Be Sn, wy
LA is ere a) Aa ar
RAL GELAS 1 3.000 3,005
3 Ai
ja 7 Ea td)
7 ; ih
4 a ix so
1 Sa AQ TA
1"" ea
rr @
TT 4
ee
5. .
oo. |",51300,46636,4664
CORD-TEST-014,": : a is 3 é +. Pi
— = £
3. | 4 1
ae ar “ay |
eee aa |
aa 1 RedVelvel Cheese Sle 38,000 3
Maen 1 Chicken Baked Rice 55, 000 j
——— 1 Fish a Chips 65,000 k
= ae | 1 fushrovm Soup 35, 000 EN
ii Ia a i Chamomile 2,000 3
ee | 1 Iced Tea 20, 000 k
i An SUBTOTAL 238,000 ~—
oe ae Service | 17,850
f PBA : 25,585
TA Tora, “201,435 Ff
- Coupon : 100,000 |
5 Pa CAS 200 4 000 4
"" Change 18,065
mncninsnons. sl ansnneeneseesbasensacccssss
5 i i 8 | Eh 3
3 e NN Tg 1 x ik
1 ie 33 PEN 4
a ae
BA a ee
‘ Sees ee
ee ki",281435,238000,25585
CORD-TEST-015,"p

: ¥
Ta
Ha
ee
a
Nas \
pie i \
|. Beta | ""
SN J cane

— (aspen UI esa

- PENA mao Me

on Tea (L) 25000

fee ea

| all. yA

1 Wy
A",63000,,
CORD-TEST-016,"Ne Pa aa

; (ih Be ted ig aaa

$ + a aan

’ a me,

KAKAK

Naaah,

Berner

Sena

Per angana

Be 1 [LG] BLACK SAKURA 59,091 MEREK

1 LONGAN —

Nee) 1 ROASTED ALMOND 0 So

TI 1 VANGGO 0 ==
GI 1 MINERAL WATER (bundling) 5k 4,545
GM Sub Total 63,636
KI PB (10%) 6,364
Sen Rounding 0
8 Total 70,000
BI Cash Payment 100,000
yee Change 30,000",70000,63636,6364
CORD-TEST-017,"[ —
me

Gobiin's Mace 1 25,000
Mozarella Hot 2 38,000
Dog
Chili Pepper 1 14,000
Croquette
Cheese 1 14,000
Croquette
Plastik Amook 1 0
Plastik Putih 1 0
Take Away
Subtotal 91,000
Discount ©
TOTAL Rp. 91,000
Debit 91,000

XXXXXXXXXXXX",91000,91000,
CORD-TEST-018,"Propolis Cair 1
156000 yan
Sub Tofal
186000
Tunai
156000
Kami Ta 1 ie
Kembalian Rp. 0",156000,,
CORD-TEST-019,">
2
e
- =,
es PIA eee
ce 5
F ily
a
a
a
Se ‘
8",176000,160000,16000
CORD-TEST-020,"1 cashew nute chkn 64,300
garlic pepper beef 79,500
red curry beef 69,500
phad thai 64,500
steamed rice 47,600
SUBTOTAL 325,600
Service chrg 17,903
10% PB1 34,351
TOTAL 377,059
tN RN N.",377859,325600,34351
CORD-TEST-021,"DEA re a an na
A RN ep Bie a, AE PE ares fe BOR aceon de de alge
it NA. oad staat. Cee aa Bgl ae ce ae er ite has
Pa ie eke SOR EA nana Ste
a PE Oe SA Yh iy igh aa ba ta
Be PRI TANTE AA SAN CREM EA RGR, SO ag
ig pea | rg are
13 As An Pe eae da
E We aaa ob em
BiG i me eh Ls
eee oi ww sae cs bibs 2 ez
te a Wwe GUE en
fee Pre a eo
oe — aw Tan ak
: “ 10— ea aa:
ee , 1) 35.000 Rp35. 000 Ra
oo NASI GOR SFO TLR
a Rp3. 000
TA ES TEH TAWAR
ics = 25
“TA «IA Rp33. 000 Fn
sea “CASH Rp50.000 sn
MIN AI aa
Se aS
—— wine =
a Sik aah
: eee pee See i i Tekanan re
Ls ae 1 a ee
ib 3 Hal wy Be Mak,",38000,,
CORD-TEST-022,"“2 IMD SOFT STEANED CHEESED 20,000 5
2 [MD] SOFT STEAMED CHOCCCA 20,000
TOTAL 40,000
CASH 100,009
CHANGE 60,000
eat",40000,,
CORD-TEST-023,"“es WIST DWT 54,000
1 REDBEAN BREAD 9,000
TOTAL 63 ,000
CASH : _ 710,006
CHANGE 7,000",63000,,
CORD-TEST-024,"S001-Corn Flakes Cookies

Fa. 36.000 xl Re. 54,000
S003-Chakerete Cookies .
6002-Plastic Bag Kediun

Rp. xi Rp.0

Total Items 3
Total. Rp. 118.000
Dehet Card » 118,000
: an Merten.",118000,,
CORD-TEST-025,"* sels Lan Jes
tt ""080 Pee “3
TT
108 | Mb ang sen oa
er
3. ""TI “ +
1 Pe Pena ty 3 ati 5. ae
Sarana anne ES
|4 muram Ki Nm
1 TWIST STRAWBERRY DONUT 10,000
1 POTATOES _ 16,000
ee
mee 'T |
Un 000",43000,,
CORD-TEST-026,"Pu
tants | Atm A
— oe
-
. ek al
Cap Cay
Nasi Ci p Cay Porsi 8.",138000,138000,
CORD-TEST-027,"at eo Rn
—.. PKT AYAM 33,000
GULAI OTAK 23,000

x 2,00NITEMS
SUBTOTAL 56,000
2. TAX 10% 5,600
TOTAL 61,600
CHARGES: 61,600
o=
a,",61600,56000,5600
CORD-TEST-028,"| SAMGYOPSAL 2 194,000
» SUL LUNG TANG 1 75,000
MAKOLI 1 100,000
na opo aa
Service 18,450 F.
VAT 38,745
Discount 0
TOTAL 426,195
k Where - basa Geet
2 55 | 3",426195,369000,38745
CORD-TEST-029,"0

ee ee ee

+ 4 : “5... | t
Colores al 10,999
BCA FROMO al 54,455
-ABURA UDON SPICY ab 0
!-K4KE UDON al 0
SKEWERED SHUMALI al 12,727
SKEWERED TOFU ROLL al 12,729
BI TEMPURA al, 13,636
E UDON (KIDS) af 26,182

F 14 5",145900,132636,13264
CORD-TEST-030,"wadah Be sdn mutan
|
Cash 50, O00
Change ‘ 18, 500",31500,28636,2864
CORD-TEST-031,"| SALMON PESTO. 85,500
| SALMON PESTO 85,500
Disc -100%(ITNOB) -85 ,500
SUBTTL 85,500
SVC CHG BX 10,280
PB1 10% 18,126
TOTAL 113,886
sm,
$$ ,
4 e",113886,85500,18126
CORD-TEST-032,"NE
, |) E
> ' 4 Z
ce ’ |
| ¢) k . ,
i 2
F
|
|
|
| {
|
|
| »
|
| LEE Lana Mn yana Ma Tea taman LO ML Lan a Me Hen Sab Me A OND OM RS MN SS ee Sah ae
Bea REEN T
| EA
K 00
24.010
| LL mnt
| | 24.000
|
| 7
| > 4
Ip.
pee '
| ee tS see us SS nS JAN Sd ee DT Sa x
|
| | 90.000
i «
26,000
PENIS 4 Fs TES eae Gk SPP aa -
pd CDN i maan mena ea Sa
eae ee er oe
DR AA ah
see vanes eet se ier EA ANTA an, GA nga
TG ae Pe EU
CORO pr mee ee ot egw
At Ag ja Pa 2
Pa Foie Da se
| aa ase cull os
re Ca aia Se
BELA 2 i re ek aa
5 GPR ARE “ a = ee tu nt 3
Gage 20 ge
Os : - aan en”
1 Sa na Oa
| PP
= .
tit - oe
pain
ap” ’ wa =
pa —_
at” (CE et “We",24000,24000,
CORD-TEST-033,"- - t 1 t
1 GRILLED BABY POTATO (R 50,500
1 HOT TUNA 67,000
1 HOT TUNA 87,000
Disc =100K(1TH08) —--67,000
| dn |. M7,500
pe z 1 TN 41,070
e : a",148127,117500,19557
CORD-TEST-034,"| :
Tish Chick Samba) Matah “5 15
3 Goreng 2 0.00
total 85.000
ajak (10%) 8.50
ta! 93.50
i 100,001",93500,85000,8500
CORD-TEST-035,"5 1 tg tot Bina 4
ae “y “ . 2...
Mo 2misToowr 18,000
| 1 BANANA DONUT 11,000
1 CREAMCHEESE BREAD 13,000
1 FRANKFRUT SAUSAGE ROLL 12,000
TOTAL 54 ,000
| CASH 104,000
CHANGE 5,000
to * we",54000,,
CORD-TEST-036,"LT 0. —
""3 MAL Crispy Chick on ee ae N00
| 1 -Sedara ae,
TEMS aa 00
Latah ui 40 000
Pay Cash 100,000 Change :60,000
33 susah 3 °
“ - so",40000,40000,
CORD-TEST-037,"Ll, eee
ia Popcorn Salt (s) 1 “20.000
| TOTAL 20.000
CASH 50.000
CHANGED 30.000
.— “ —
-.",,,
CORD-TEST-038,",
“ bahan bat Van «je Sad — 5
r ~~) © ea *% Pe
- eo sa. ye 1 wre 2) > y yan >
| f 5 bela ke nii ma AT any ya AR AMA
sat LF | (Si METER KG yh LLACS LA PS
4 PAA Dari Di lis, Ho Avs
i iW) OTR Bey CEES PLUS
Ba on 1 — “3 3 by ara
‘ Me SELAI NA | & hd oa f Yi $
ca wih, CG CWELAI Pd pd ad Tas
* ta te ra r r Re oy 2X
Fas ke LAj 929 Weiee F is om kmi + § PE Ye
: NS 3 7 3 a | : 7 - 4
son PeUM CSTE Fil wd hl ang ped & -
4 bd oa P3 wy} tita 42 fH
F f kes >t 7 et iG ig i 5. 3
ote ; i: : Na 3 done & y i we
. (Run ed oy 5 yf Mr
# oy Ap 4 wy P4 * :
J BAUR Nae ct,
bm 4 her whe Ye 11 P @#.
+ te ee a je pap an 87 |“
ft PEs T ed | Pera é |
. Wt s Pari cok api tag > tet wl
+
1 2 Ie Ak a P3 P3
5 She gre, FE & & 5 14.
S ae & bs a 3 : we “id hei 2 Da
me Sa’ Tas “3 8 BR UKBLE SS ae OF eo % % aR -
2
oe » =e <p oe ani 4 , Nah ng !",664329,561800,60394
CORD-TEST-039,"HPL754DR LUNCH BOX JP SET W/RED BAG & SPOO
N.
8 PCS 243,000 1,944,000
DISKON: (20%)
1,555.203
MPL500 RICE CASE 7L #/CUP
5 PCS 195,000 975,000
DISKON: (20%) 790,000
MPL754BB LUNCH BOX JP SET #/BLAC & SP
OON
4 PCS 243.000 972,000
DISKON: (20%) 777,602
TOTAL ITEM :
ДAL BTY
BAYAR CREDIT CARD 112 ,800",,,
CORD-TEST-040,"f
ta Mba .
"". Tapap €t
Look ang
Pep.
. 1 Mn Bu oo
SRSR ERASER tl an
27,000 4 59,083
WR oo ge ee pene
Bakery bnelta Giat . hana ns Pi ma,yoko, Nar
mer Dagang, boi, keji cokelat, li
1 7000 : am
sssseesess apaan a
— ee
Pn B@. 000
CASH {09,000
al oo
NDE naz 000
.",68000,,
CORD-TEST-041,"Chicken Maryland 47619,00
Cappucino (Hot/Iced) 30303. 31
Naga Lychee Juice 34532
Cafe Latte 30303.00
Hot Chocolate Marshmallo 30303 .00
Chicken Cesar Salad 43290 .00
Mineral Water 12987 .0
Mineral Water 12387
Lychee/Peach/Lemon/Mango 25914.09
Chicken Maryland 47619.00
Subtotal 316017 .00
Service Charge 54 + 49982 68
Tor 365000.00",365000,316017,
CORD-TEST-042,"a 7 ap ee
Be Fs
Sa Pata
3 a
at"" ""
%,
, “
|
&
Ce
Pa AY Jia Ay k
i } (07 J
f 4 dad
k
;
a Kf I }
Ss 4
3
ied
Ta
iat",16500,15000,1500
CORD-TEST-043,"Ai uae
a ghee
Ug
Deen ieee mare
Sines: |
ee
Sy era coy
Plies
=
* Z ; .
| KY
y
y F,
4
4 =
4 7 i!
a
4 5
4
4 7, 1 ,
y y
y
PE 23
AH Fei
A cae
i
:
| i 3
4 eu
1 1 - - - - - ~ ~~ - - - rf
P rs - Tn wh
1 {47 “. “_ 6 b
4 JG h r 12) '
a 0 rus LHEESE Idi j
| Cay 0 & fF
i UK UT YW
j ari « a
PP Carrier
aa vn eee
i wares ands $
1
1 U ' by
| 7 subtotal
| bit ‘
ih Subto
= 1 To Tre lite fac] * “ 2 d
1 4 | - Inc Iu hand |
Tota! !a
1 Rr etry
: [ota 1 wIO J j
‘
LL
-
H cif a
~ fain aan /
pe mer rr | wnt}
. if Us | One ha
= jo b+
“ a sara” (
rustomer Change:
yi Us
""4
ah 2 oa
1.
w
1 :
ADA pS Mig Wa ol di z Pra :
PA Se UW Ta YAA EEE tee, ad j :
NPE GPR RUN BP Aa KAP Ka Meee age . e
» SPAS OMY LL Uys Ye vf GMa a iat 4 ES Ka
Lis TRY PN Dp LO MAL 4 F :
LB Bi ih Bey eM ME CMY LS LED Z 4 Z AP s 7
ME AOU AL LU aT Ey Le LN 0 PAIL! Hef %
UM MMA ELM OLE EEE Se Da,
MOLE LS GCL LE EELS EE EEE LEE ,
TEE OR KADAR UNA LEE AN NG tis Die 5
HEA YP URE NE ME LAC DHE iy : 5
LE MEAL i LY Wak Wa EU SRR Bang Yo wy 7 5:
Pri LEA a LO AL BSG SAYS gdh, te 4 4 #7
PO APE (MOTT AA Tie LG yh wid j ’
TPE ALAR ARNG UE CMT LL a ing ig 2 1
PE A La Wina PL ML pp MPa ape :
HUTS PERANAN tere VALLI BLE POE OEE LLL LAE LE EEE.
j Wie VULVA GLEE LEE, VD TAA PG 3 7
19 CAN EKA AO ROA AA NATA AY LL I oe CONE AAG aan, ui
MAO We LE EE ELE EEE SE
HA VS MA MAMA LES GOT EL PL EL, SEL MELE aa eh
BULLE EE EME, ELE EEE aos t :
1 Len oppa LE EL AA Man AA aa :
EAE AE ARR EAL URAL TOY Ie Ga lt dh ;
PAD EASES AL AE TEE LA LEER MEN DELO LEE LIED",165000,165000,15000
CORD-TEST-044,"“= oo
ie, 2 3. |
=
4 TOTAL 0, 000
cash — 50, 000
HANGED 20. 000
P3 ia 2): Ko, 1 # 2",30000,,
CORD-TEST-045,"c |
ata |
=} h
Ne aoe 25.000
2 1 Mike & Ike Original 28. 000
1 Mike & Berry 98. 000
1 Roti Keju Manis. 1.000
4 TOTAL BB OW '
CASH 88. on ,
CHANGED",88000,,
CORD-TEST-046,"|
a Y
5 2 i |
a eee?
4 4 Bt
oe
""3
FAX S-Bubble Milk Tea 620,000 20,000 a
100% r 1
1X S-Caramel Milk Tea 620,000 20,000 | al
| 100%
Hg 3 Total: 40,000 oe
5 ae
oor Cash: 40,000 Tk
aa | CHANGE / 0 a",40000,,
CORD-TEST-047,"Oe erangan eee 9a
oat Jenene Fae GF
4 .. 4 ao ..
.
— os
COPIA 1 /GB 1 45,000.00
2100282000358 45,000.00
PLASTIC BAG RED CENTRAL SI 1 0.00
9100544260074 0.00
COPIA 1 /GB 1 18, 000.00
2100252000358 18,000.00
Total 63,000.00
Total discount 0.00
Total quantity 3
Card Payment DEBIT CARD _
Es . 03,000,003.",63000,,
CORD-TEST-048,"IK S-Hazelnut KOI Cafe 625,000 25 ,000
25%

Less Ice

PBI: 22

Subtotal: 22,128

Total: 25,000

Cash: 100,000

CHANGE : 15,000",25000,22728,2272
CORD-TEST-049,""" { Ptas Fogtart 2.00
i 1 Choco Mel 1,006
, 7 SUBTOTAL re
DUE 2 OC

‘see re

i 5

a8

vores

ia Tea",23000,23000,
CORD-TEST-050,"S
-— ' = a
1
—.—
Na Man an
aii om 2
aa |
AN
ae Per]
i SpePrice Cauburry Te ag
Guistulels 17,727
FRA: iis
Total: LA
Lasili 106,0
Civanyei 80, 500
— UN Wh ---",19500,17727,1773
CORD-TEST-051,"N
trai
Custor
(TA) NASI ORG TERI 4 165,460
MEDAN
(TA) BIHUN GORENG 1 40456
SEAFOOD
(TA) KWETIAW SEAFOOD 1 42,274
SIRAM
(TA) NASI GOREN Pl $5,456
ITEMS:8 303,646
Pal 10% 30,365
ve Rounding 334,011
Rounding JA
Total 334,000
DEBIT RCA 334,000
A yjungan",334000,303646,30365
CORD-TEST-052,"> Jai tuh
1 ,
:
: maa aa aan na Ae ge TT SN
us THAI ICED TEA
Be 61 020.000 20.000
© THAI ICED TEA
1 820.000 20.000
SUB-TOTAL 40.000
GRANDTOTAL 40,000
CASH 53 100.000
CHANGED 60.000",40000,40000,
CORD-TEST-053,"Kere
- : , -
FICCI OO IOI OOO IK
1 2 000
""Pecel Komplit + Nasi 12 Te
1 SOTO KUDUS Na
2 Mineral Water Pe es
coo anh
Subtotal : pas 350
Servi Charge Sx 11 235
Pajak Rest 10x 193 585
4 Total :",123585,107000,11235
CORD-TEST-054,"| ""Ho on 5. Pa
~ * 7
4 ... BN si
ai oe
4 KACANG MERAH 10,000
2 SUBTOTAL 10,000
7 TOTAL 10,000
“4 casu 10,000
SN
a",10000,10000,
CORD-TEST-055,"CA
: ii 1 teed tas dime -
i WUE
'
2, “1 APPLE CINNAMON PASTRY 22,000
2 ROYAL CHEESE TART 32,000
ka TOTAL 54,000
4 CARD 54 ,000
Att
ta “ atu
mad Data Ga
api bd an oven re",54000,,
CORD-TEST-056,"> : = ‘s —
— 4 ote (NN ARI) 1“ =
- kene —
2 : ‘ Lie ae — -
3 ena
. ae 2 wr “ina
IATALANA Lai |
AiR MINERAL 0.101 KI
SUBTOTAL eh IIS —
TAX ""818
Tek “8, 90909
CASH ""10, 000
Cg » 1,001",8999,8181,818
CORD-TEST-057,"ne
pean
| .
| SN an
YR",,,
CORD-TEST-058,"Dien clas ata is
(8 bs
i 3 Hai
Ga EA
SARA
iia. ope
Sita al aad
~. |
akan
~ fs as —= 3
5 sit Dia :
a Sate
ey PIN TEA
{ eng st
Foe ao VS Fs L
Se |
ee es -
a 4 , |
Be. JB UR ,
Pee Su |
Mee AG
Sa a
“35 ga 7 ben j
aa TA
-. ka 2 oe hw
ern es scr ' ad
"" 5 5 Tg me et — a .
""1 | & di
ret. Tapa 1 i MAA SOE MN
ae i ae re ee
ra, : :
ana ar 5 3
Pa ep |
ae i |
4 Cek NN 55 00 :
AA sais | Bea baal yr Aan .
KN, ri. » : : / 2 f
si sii AI fi re i ' meat Boris i yy |
Nie re gt AN 4 To Fat af j PA en .
Mage 22 Kan Tah ""San SN oe my dof Man 1 1
Tan i ea LS ee
oe pce, a 7 if ec ; ‘|
2 eee ee eae FN ay 4 | :
Ben ME Cha 2 Witte
a “Tn : : 8
a cy . Na 2 pis: ae = Mee =
erin a. a aU Aan
ant ra Te Ry aes, sea BA u ki Pa
eee - aan | :
Na PN f as Puy oe
oo an bs q
- a xi 2 4 A Pe
Ta Bs i 1 2
$ 3 : » ob
4 oe
Nai se
‘Gerd,
eee
4
“3",60500,55000,5500
CORD-TEST-059,"KIE 4 SURES YA? Tepi SA Pn AAA KO SER yg Na Na ana NAN Aa Ae KN Aras nu COE an PPA ANRI eC at
Bears wee Cy yaa : Sena 1 ae ep ay ee Deck AOR te Site: chines: iat RTA ea ed satire Re PO Rea lay TAPE £
PLN br ma Ia “ers Pepe Ay ee MUD BEN Ses pain YA eee PER Ae KA Ae et eer gid cate keh s ewes Be be Re spate a)
= eo an ee aa nee
Gk LN Fa daa 7 Kata ses Rasen TPA NA AN TS EB nn TAN SAYA ty We i eee SE KENA aa PAN BEAN Slvr pees Lid the AA Nae Oa eg eal Sy Baba
Sa at : Gad poe: wh Beeston Kat a PRA coe eee ap ON Ss NER pda na haa Nea ces Seamed aa AP TE PN aa TN eae, SEA AA PAN
Yo PTR 18 : seas he Gree Se ee See: re Ana pias F Yg ee By EE Pa She
t= SP Pan tan Sa ana Pe aa eee ee AA Na be ay See. 0 RAR AA LN Aa Kn Ka aa ATB ANA LN REA LA TA OA SN KN ha NN ho Oe Sto. th
SPI ; FE Ss Le Rete it bets de BES ag YA ake: Be Bee PADA Sos Sea AA gS wp LB NY ae EA ga SA Sf payee SEL YA LE ANN
Mees. LEARN Na re ane ne ae i egies es: Be eee te, PA DAK BKN hE ee
pL PU) RR ee ee eae ae pe Re ie aha ee een RE pe ays GAN OR MM UN aes ary a KA fe oe)
KAA eae pa a SN Seatac inte RE EOC) or a ao eR PA a hs Aa Bet Reha ON pe an NUN RE BATA ya
LN NE yt a 1 ee f ASS ed AR ES te MEA PA Lowe Ge ey Gace ite teteh
TANPA pang ae ae. ie PN NN Da Pen alan MG é
Bey ay A Na eS aS St ; Se NAN Na TK
Ka Pk Me Ia Pel aj Lama zr “ 5 $ ¥ ¥ :.
“TU: ee 8 he Mete Oe 1 1 : 3 ;
UN 3 1 LN Sot are x be 4 ; ee
AN UP A Siege 4 i : 2 In h F
NE BA eae ee PNY TEE fs 5 j
NAN PA Hana LE abi , , Pergo Gate Pa
Saag Uni TG KL AAU 3 1 f ¢ LANANG 7 eye ep srs A]
ae (se : ey Ry sat - 2 MA ae ye ce see
op eg OE ated Play: he Yale £ si 5 "" 3 : sa
“ng, TR ae ge) ey Od % ee ¥ | AA ¥ * é
‘ ager Slee men Ae Ka ai hs : #
TO Bea ae 7 1
Be MP ie re aa SEAT 4
Kh PPA Se Spee hi aia: 262 ""2 . ‘
Parr ah) Bt cers Sn ar we ys é j .
Pe AB ay po TA ;
Cee eS UNI 2. ay ""
Be Sat nba acy PN Ii Pai
LR As GL et wa ie , /
joa Ag Ne 4. Feast , bo
| GI MA ad Tan Ie DP Tk 8 , pis 4
Pye pte apes Hanna . : rd 214
P3 hey Dn Da Ae : i
ee CN RN ey oN) 5 . , Fg .
An ae Gek Perta ar age Fie f
Beg ak TNI a ee, Ka — 3 f (ES J
si ONE ay. SSP -e NEY 4 . A s
Si NA MSF ao Tah . 2 ; 7
St he Oh sebaga tik Ae MA . 4 a
Dh Aa ne aes eden oD 4d Ff j
Na a Se AAN uy .
“ ET SOMES oer 5 , 5
oi Taba, tee Sag? : ws 3
ea ex, a a Ty ase) KN Nw by | 9 ra
at CAPE he tee ee 3 1 Ph é
ASP RSA RR A gh ¢ eee
USNS as ea a a ex 1 Try TE
Fx Ae AAN Har: Ny a — . OF Tea Meee MALU Maba CORE GE KANG OOe whee LAN pace Hie Sent neon bOEe sone bid 0402 Gent dalm tyne gawe cen0 COTS seme ran. bite Gren abig emer “hang aer Bede ana bai me ca # | . 7
Pel en aa LES A Ra ‘ £ x PUN 4
DR Aa SON ED A Pa tata a 1 a Shia
ae eS ven Pee Ss PA Ip ‘ .
SANA erg shd 5 ra —— - :
aa ST EN GEN PN SIA , ~ —~ 7 «
SIE EA BEN AN ENG kn ES Bata Ha Pan ial, PG po
NN AN ae Tag SAE og ite > | 7 Fini SEP EAI AT, Naa é pp lay eri rere Z :
Two Ng cane aoe » Per ¢ Thee . 23, OMS aa pn EA aa AA Peta nee Stee 7) RAPE SAT Pa fe Ga : ; ii ;
Oa gs LIA 8 i EN Eo REY RENA Te DEA TEE so Lr ge TAN Nara Oty tees
ome BA SAN, ry | | ap Be Hadang TX, LA AANG eer ae 2 ma 1S aa 3 ee
i nee 8 SE UN F. PAMER rta SEN ai x cd 4 ‘#3
ees ah SARA Aa ri CPI NG PLN NS Kan Pa maa Pen .
St ae see ornare ! / Pas cee Sale 2! i Bri, :
La RL SEN ie | | : AR
Rn oie toa
Ss a Fa 2 PE YP daa
SPN AN AP : é |
SN eet) AN a: : : La 4 3
ST PPAP Pap , : , fs : j
PN aa NN : : SEY tak
oe Re Ah : : “ | :
$e Han Aya : :
Sg aah Tee Gen 22137 ra . r $
Pb Pee eke ‘ ' 3 :
PEP tan : Oh
he a ~ 2 owe ""3 | . F mY ¥ a? ""| i; o
re A Wri | Tanah anon ORS GONE ORE SETS Mana CEE OTe Mtoe eee Ome OEE Maha mean mana, EDM SECT LOLA RET MAT WMD “EET HONS FRCP COGS BEES NEON TORE LETH SHEE ELEN HOST BELO OES) mae Onde yaah ened need >; $ 4
Net aes ne See me t oF : ; : : 18 |
ooh cA a ee pp 23 : - 4 : € vi) ‘ : : ~ Pe. £ ‘
EA eo ee ea SA 2 4 ss 2 p i 4 g
SS ene eee a ccd Ca An : (aa Ea £
1 SA ene ge eae 3 shi eee Yer nse Aa , : : TAMA Oia aan F ; Pp >
SA a ne eee ee sae » 1 "" ~, - & td - 8. 4 A Pu Z .
PAP ee once Be OP Pe j Rio : - Te LA ag Lith : ome 3) :
Fa See TS 2 # is 7 Ki ; | ve ay
See ees 2 sg ; ‘ x 5 . ats $ are Fy Pe,
Nar tote Sinar SERA etter SEA oe : : OT an - $ ag peg man AAN 3 tx FY y 4
UR Ta LA 2 ar 0. ja mn oe ""| | ' Sane BER ef 33 Oi ag
MA an eA SUS ba Ma TE : ee 1 Selo titi TA | pad ;
Fo Re be . CS ee i 1 > : ag ; Gea aa ed Mes? “ee MP Fae AAN : f
aa angka Eire PS ya ya 3 “ ‘ ? 7 * Ik, TA aap OP Set, # P
PN ES EL Mati sate 5 7 : 1 K3 ee Ia “3
AA Le NG CEL See Sas 1 ag Bian Cu AA ana : Poo eee : a
PP EA 4 Ken TUG FA dna Pn ti LA OP RON AN AS TA
a eee nem Manna Sx ales 2 < Ss. 1 - . y # 3 "" 1 f f é 43 2 5
Me DAS ROA Me EM 2 KAN MAN De uga uks otha doe bh Ty RA LN Tea
PENA DN ya 2 SN TEA DO AT 4 to ing i Fa PA 3 En R3. ae in : E 4 P3 Pi é4
(Sie ele Dg eR , Ia 4 AE aa nia, 6 PA 5 a oe ” rae
SAP pis pn Sa 4 | : pee TT Keras ana Pa
SP Mee cat SI oes : j / aa. hE se an
POSS Fe | Sg rr ag s 2 « 1 s ft ~ . 5 st . 2 Aa Sri :
ap ie tiny mn ee : : : hdd . . : 5 GE iy $
La an Ka Berang, { . Es : OL RR 5 ip
om te ie ERD Ta a 28 4 ~~ - 2 . * tee $ ' 2 : PELAN PP. 4 &
Ken ee Ge Ra Oe, 4 LB WE ee f LGA or a : EAE me KESAN ses pn an 4 odd ware i
Pn ak Sr: ne FS 4, ye, 58 ta ‘ = 2h or px ang G3 ie Kg g : TA : Post SMCS \
Seen PD a eS i $s ee oe de BY 3 Kao ‘i son Te mena Se La “ii Ea be pert ig SPI ia
PEP ak Dak He fe sor eee Some | “20 ote eh = Smet sang :: 1 ma pp tea mee wes tS : Ie BK AI PA UAN, 23 SD Bee: yA:
PPA Speci AE aa : : : 3 ot cae fel é a | Ee 4° f
SI Ct Se RO na de, z En ta $ In SPA TAN $ BS (of
OR ee ee 10 ee RRL of ee mn i Ppt ANE: ie pe ip ee a fire By ee it EF,
REESE ee t hati aS Rae as | Hn Sila Kn Gorey nina PPM Kn
MU Je m aed AE fee es Se Le A FL thi = Sara AN fee | hee RN 3 PR CAD
BA pote ALP Ss pe. ; 5 : 2 , : , ‘ , ; OS PF Re aes 5
Jab TT ea a> 4% 3 a $ ; ; Parang « PEP if LUPA SG Li oe Od See
Doe at pan De He. pee Treble FF es a Tee Be teri melati : “si. ita PR SGP 2
See SPA ey eget ANN Bem PN BARA ng Bo Ce OEE AEA ears, PSA,
TE aan” Aa 5 ape BE pa) = Seay See tT “bh ee yaa SP NG Bes
Of ang Bind Ft £ ' PSA ke a4 b
GN BS SA Pig Pe SR vot | fe Yee 23 ; 5 2 pare oe KR
es apa ae pe oe se ges pe ot P1 ma 4 5 me RSE RE baik i 1 :
SE Bap OE us ae, . BII fool ai £ 8 tak eat 5 os 9 28 et FA {8 .
Sires (Gar oe eer , Do > ya ye . : Fe - $
os NHK teas be Oar Ina a a am : 5 SF Sie FPL BES ? Mgr (3
TA i BOIL It SN, 2 - na betapa Shaadi So! . ye ""3 5
PALA Jar wii we 7 $5 oS oot tg i 2 de ms Sse ‘ 5 Tt AR) eet te my GET ay Apa Tn AA 1 Se, Ss, UI 4
; Pa : te. SE . LAN aes Bl ie > hee eles
SAN ee i figs Fein hes igh ait Ae gS
SAY oe SI staf ; 4 2 teow Ef hee aor tag 2 He
BR LF PRP : “ri : t rye s ;
toc. t xh gt GES: f & 2 / 4 ony 4 $ ""4 “Tea x , 2 4
ia KEP ana Si i FSM Si «~~ 4 mse? ba Bigs Pater deg LA Op Yaa F
ONE Ap PE oe AE ES, Sele tad ics Saat Sc oot a Rt ee Le fer eae Ae
S3 a 5 SSS SPA P3 1 4 : 3 me me Ne ew Aha PE Se . AT - 3 P
Cee pa ip ee jae # i 2 8 (ag 4 3 )
ds “ CN hs « o> . fr Z a 2
| 4 - : 3 # « Po j -. : rs j 4 4
AGS 4 xm a 2 ' , # P 4
Sf Longe Pers ae 5 = “3 rant ape , “ jes , + , d
A sake Fo segan ang | EP ning oes gre AH bay At, ""hg IA AAA ms ; 2
Dea 7 hie bats ot 3 if $l tts ony oe Bh Ic ears Be tat 44 “4 ; Tea Pn
1 : me Tan oot maan ote Tan. na 233 2: Bhar! pees ene | Sale. teed AAN if : j
é . RENA |
. : Oe af
. coe * "" ~! pa =
TE ' : a; : ; “5 An Oe : LAN
3 fF Gibbet dT. gan Aam Mae
weet LS Lo : 2 APEC CP 1 TA Lana
2 nda wah wae t ne -. 2 / y
: Bene 5 4 y 3 a 4
j : moe * ? A Fae - j PP |
Hal Y hn mk TPB 7 F AE PAD ;
/ mn: 5 3 “5 i oo . %
- = Pe pe | as eee -——.. 3 . s3 bod - - . te Ba 2ap? 3 pa A setan
& 85. 8 m—  & Pe, inne = 3 Some, LA 4 , .
Mena oe eee akan J Se ie — mm HOR BE j
: 2 aa Pa hate Ge ly OR sg OO ;
: -
Na GR Glee Germs gant Ot ee A I Oe Re Naah SE Bee Giat mee -",680500,618490,61849
CORD-TEST-060,"= « - ANN At vege Tt | S1
a KAT 3
Ti + - - 4 aw
3 4 + -
53 al Hb hee
Topping Milo Sparkle (untuk 1 Po |
2 ae)
25 M1 .250 1.250
Bola Ubi Mini Original (14 Pes
5 ) |
53 Xx 112.500 25.000 |
2 Subtotal 26.250 |
= Pajak |
2 Total 26.250 |
ee a. 3
| Pembayaran GO-PAY
OS on am
man z2",26250,26250,
CORD-TEST-061,"3 1 anna
aCe ere OS
nos tA Bs00 PEN
Naa Ry TALAM UNGL BES ORR
Had BSI DISC ITEH 1 Tenaga EN
. ae AMOUNT Pane iga
oe |X 3000 fg ee
Be AREH - AREH 8.0 eee es
DISC ITEM 40 .000' YR
AMOUNT 0 HENNA
2k 3000
Senang LEHPER w PA
Etta le sr DISC ITEM 1 Seer
ses bes AMOUNT rae
KPR HIKA SEDANG q ane
""ja i b Degan
PLASTIK KE 2 AN
1K 5000 OES
s TEH KOTAK : py acute
ae 7 .OONTTEH: TE 3
Ka SUBTOTAL 4,5 Son
, TOTAL 24,501 ee
CARD 24,500",24500,24500,
CORD-TEST-062,"— =
FX dave Ta) ee 000
1 Combo 2 meee aa Mp
| TOTAL 48, 000
CASH 50.009”
CHANGED 2.009",48000,,
CORD-TEST-063,"sheet #8 tajahat

Kopi Susu Kampung. x1 19.000

Ice

Kopi Susu Kampung Less Ice 0
Kopi Susu Kampung. x2 38.000

Ice
Subtotal | 57.000
Total 57.000
Cash Ne 60.000
Change 3.000",57000,57000,
CORD-TEST-064,"” eee, oe ee Pe Lt"" ,
1.
""3
£

Ta 3
4 a - /
Tap OU, UU bp a ily
pup Bag bye” ; ay i : a x 5 # :
CHANGE Tn io

1 he : ao 3 “
1 i aa “ Su 1
i ‘ ""Te La
h q 4 ate
"" Ta

te %
oo",16000,,
CORD-TEST-065,"aii situ
ae penne os
oe a
a . ed ep pias athens Ingin =
re x sere Ree ca '
4 TAMAN
HA Daan an 3 =
1 pe P & oan Ag f
ol aa
| sm. inna — 9
& 1 +S a noe i Gi
Mo TB
: =o cee. $$ be
eee ANN 3
MN nga Se Se :
1 Hg Weare, oo.""
Ubur Polos + Telur
$ S ST a
JI —. M3.060 13.009 |
a - PE ee yo oh cog Ah
Butts: 13.009
5 2 an P Per bia. ng 1 2
Bere an ee RA ty
Bip Na
: fe et
mise ed
4
ve , ME BS 5 verre sl i ute",13000,13000,
CORD-TEST-066,"Rao PIL DUA Ibr 304
3 PLAST i es
| SUBTOTAM 36,364

Mo pn to 10,0002 |
Aric aes
1 2.
Tt 40,000 ©

/ CHANGE tht

2 Di",40000,36364,3636
CORD-TEST-067,", oe
E..m
a
‘",9500,,
CORD-TEST-068,"| celah ag oe al) Ong
| Kat Soo I
| casi 5 2g O09
| CHANGE “30, Dop",20000,,
CORD-TEST-069,"“1 [MD] SOFT MORNING ROLL 18,000 Py, -.
2 %EAL HONEY PANCAKE BREAD 20,000
4 SUSTARD BRIOCHE 36,000
# TOTAL 74,000
: “ASH 100,000 |
SHANGE 26, 000 =
Thar < 7
$ 2 ae ee
Golds “Ra
to Kana",74000,,
CORD-TEST-070,"ee CN TA: 3
""| ‘i 2 Santee LD 3 ia soe ys it
aes aie
pe) ee es
nae nt
Ses |
ee ia.) Telan eee
PRS
- 3
PN .
Il 2 UDANG RE N216,000 432,000
| 2 =SLARGEX==
1 AYM GR JUN NJAN 108,000
=¥MEDIUMK=
1 SAPO TH SEAFOOD 172,000
00 SELARGEX== :
2 POCAI 3 §111,000 222,000
2 =xMEDIUME=
1 GURAME FILLET M 163,000
| ASAM MANIS uga
1 BIHUN GORENG JJ 116,000 3
=¥LARGEX==
5 ICED TEA 12,000 60,000 :
7 NASI PUTIH 910,000 70,000
""FOOD 1,213,000
BEVERAGES ~ ""60,000.
OTHERS 70, 000
. SUBTOTAL 1,343,000
SERVICE CHARGE 80, 580
Tax, 10% 142,358
DU 1 sei",1565938,1343000,142358
CORD-TEST-071,"Cuka Apel Tetes 4 499000
198000
Sub Total 198000
Tunai 200200
Kembalian 22000
—————— UR
1“
=
>
Pakan san, Mada MAA BA MAh betah mn RAB Pe",198000,,
CORD-TEST-072,"¥ ee
a — ~
wi
: gn
tue
eens
NG Wong He *
8 “- ud : |
. a = epee ena sen mae the elt as tae Nan AAN
a Ta & ‘ Tg
pg rece. Devil 15,90
an Sanata
oe SubTotal: 15 .
maa PBL; ou 1
oo “SA
Bea TU i nh oe
a 2 2 Sine |
ee E Na Be wry an",17500,15909,1591
CORD-TEST-073,"sa had - eer
a -
one +4 sone 4 2
*
»
| 1001-Choco Bun Po
| 22.000 xi 22 aon
| 6001-Plastic Bag Small
do 9
en is Pe eat an
Total Item: é
Total. ® 22.000
Cash 7
Tendered: 25.000
Change: » 3.000
ls: we were
PA Ta jt",22000,,
CORD-TEST-074,"Se ike Ee | Ipa Ae OE ea my) |) ae
MRO EMTALA HW AMRIT alld NAAM
; 3 | hi . | 148] i | Ih | | } | | VII wiki EN i || ! Any! ui
me Ra RAM NGO) GR POSURE Wik. |. eta | DG Ta ee
Lha rat | BU TUK EN MN ii | | UI '
| | | | ni Tha 14 |
| Bi eel ii ABE Ni hia : |
WN NIA | JH ELLE LA wa
| Wa aU | |
ar rie i
ay ee
| Ng! | BL a At
| | | Hee
Metta] ij
AR AL) |
| 1 se ae ws a tw sn
14 TESIS SINI IEEISEEIIST Tae |
wa We
II 2 5 |
«TA | BLACKCURRANT 32,000 | yt
NW vy | SPRITE oe |
Pe RENE ERAGE 5 Had, |
il) «BEVERAGE = 000 j1
Ng | GRILLED CALAMARI 1
IM 1 o1we For 2 129,000 Wi
eel naa | | | |
a * DANISH FISH & CHIPS Dr ote Nan
ra ull + NEW YORK FISH & CHIPS a wae
TN “« FOOD 214,000 AAW
et | SUBTTL 278,000 WN |
We
30,024 UNA
ee LL. mma WAE
| 330, 264 WU MAE
ee espe al
 ) | aan Wael AN DATA ai
Vi NN ea tee Sa Aa
OLI RS eae Ties Ve TE
NU. nds La ay
ae Vi Pe lk Hilt WW nn
Hee el ——. AVA Ma
ne ala Kuli ""nan In iii as et
we Hi KARANG |
Taek CRG a af Tenan TN Ini ae i |
Poa a
“an Ul NN TMII a",330264,278000,30024
CORD-TEST-075,"| |
1 CHOCO PUFF 29 07
1 CREANY BEEF CLS FTC 42,721
1 NEW ORIENTAL CHK RICE © 34,945
1 LIPIMLP ITS Salas
L SC/P SUPER SUPREHE Dan 11,218
Lett ea naa",282000,256363,25637
CORD-TEST-076,"BASO TAHU “46000
NASI PUTIH 16000
BASO TAHU *46000
2x 6000
| NASI PUTIH © *12000
ENS Si
SH |

XT 10080

1 1G Uu... “

| KA a

a",,,
CORD-TEST-077,"———————
TRIPPLE CHEESE
1 x 17,000 17,000
SUBTOTAL...”
GRAND TOTAL 17,000
CASH IDR 22,000
CHANGE DUE 5 000",17000,17000,
CORD-TEST-078,"oc yi ES OOS Aap ee Ae ne Le, BEA ME peered) Wi. AP ae NAN ON ee Span, P
opie Dana . ces SNN Ri Wc ae
adhe de. P3. Ian Sa aac Ra RR NT UNA LS IE “sia ford Tag ee aia
ri jhe 5 PN Ge ea SN So eee one Bk es 3 oF ele Shy SL eA Iii ear Dak aa PAN ae
Lop SN AN ME Td ct Rea. Na TO Mie
Tet wf eet aga ve. at ‘ 4 TA eee = ; : pa eo LK
fl es Tee eee i Ba CONS Ok Re ames,
ti > es niga aa ae oot Ul 0G Ha ork Ma Re 6 tee Pig: ig
sn mena Te MANGGA ee ke ai
Di ate gb MEA po ee & anna CAN sae en Ta PP Api i.”
as 1 At Se ae: 3, 2 Rape el ai: nll Laga bape oo.
eng r= po Senta tng aad aye me cr aw Lee NE ie ne oe ala
ae gl. git RY ai ae aM ae Samah 1
eee 2g BP EA Aa Men ea Naa! Ke art Bene ee er Yaa See
7 +"" ny ¥ Aa nge DER ka ed A =e 7 Wa ee oe hie gels He es
“2 aa TN eee eee a hoe pe Pes ""Ga en | Le ce eee
5 TAP Pit Sdn “en” aholakan RR an, an ig eS EN CG
ep cy Re : PE An Fine ree ae. 3 a Ae ron ae ee CS ae ,
, LS, Ba ana a fo awe 5 Poe 4 Tp Pi AN arte mos
ek ee
pe aoe a : saa od Soe NG amet
; 4 : Pe > Fy ee wees gee a
; ge ie en TT 3 ae : ee
¢ Poe 2g Pi ing
Speer ara iy NN
Oa Tea Mala oe
"" Tg Panu mm -<
PF “ J Bar Ja"" 2) 5
M4 age ding Ta 7 ~ x
PE se KA aie 9
2 sat dad
x NIAT
Se | a
£
th
a a : “N .5. ""2
- : cae, am 1)
2 Ne “Ui
» . He REG Si C3 =
ite - Hv "" ey ; 1. ""di
i eS! eee
ee eee.
: 3 Naa Pap Tega =
Ge Per i ta. ree Aa
, a ae fs gels Sk TA €
ak ai BEE QE ene og
| P3 Ona TA as pe"" a fo
‘ - , : ar yi aa 39. x
« $ 3.1 ut ae TAN :
: eka Ma Sem tt es at i am a sa a Ow :& a! “4 AS
Em Ap
ena nn
ci 1 Lemon Tea (L) 25.000 Mean
1 Extra Jelly Lychee 6.000 ens
sec prt Sass st SP i mt YK eam tt ae se ee ae we can te ""3 F3 =
; : if, LL SNN NG ” ey
ag ""4 a £ i PI, Na aan NN at ARF + a
a ra . CASH Re aS, = a 30. 000 Li .
pea. & Sein cn BES PEE ee Es 4 s
ya ape s1 P
12 CHANGED Ma ee eee aa Bee ie
en ATT ob Att. a ogee ee PANAS “Lane ig
as ae, ae Ath, ne aa BALA a
ee Tp to elie X: Cs A Taat SURGE aaa “3 :
ag ME 3 ea —
MN a so HAN Be nd
SEA LAN Aa Naa an = me 2 Se S1
are a. =
a j 4 i I
ae Be: oe
“aay Da
Ma TP ki ne
A ee ae
Be na ee Ss
ye) 2 Be
na ap ijees. < ati. P
a ig duda d i
k PRG fat fie ce lis: sk Pa
ne ee ae Sree 4
Wan Ki "" 3 ee + peka
Ba uh hw TA “dat abi
He ime ane ALI Katy
fon? he: 1 ae AN Pa
he us ae i ain
a Sk 1 sing ry ae
| ery |
KET iya
) “am 3 :
ray ae bat aes - |* “
‘a aa aan Livy ae
ee ee i rig % }
Dee a a fy
Sa 5
if 1g “Guise -<
Oye oa Lean
Tue dug
ri 3
pare
2 en Ss ie Ka. Nag g",30000,,
CORD-TEST-079,"LJ
Ee be
ies 4.
‘he 5
1 -
Fe i .
P ages “
as I-Choco Bun
a Ne 22.000 xi 22.000
4001-Plastic Bag Small
me oa fi
fotal Item: 2
otal. © 22.000
oe a",22000,,
CORD-TEST-080,"=
1 Viet Milk Coffee 5.000
4Ice
bul
Subtotal 25.000
Total 25.000
UH 93.00
Weabalian m0
e
| ass PF",25000,25000,
CORD-TEST-081,"2 1 : r
Tn ‘ :
3002-Kyoto Choco Mochi
14.000 x? 28.000
100i-Chorca Bur
23 900 si 9? Ono“
40Ni-Plastic Bao Small
1 vi 3 0
Total Item: 4
Total. 50.000
-—- es",50000,,
CORD-TEST-082,"—

\ Tanna NI ee ares
aaa
ffocalais [og Cake ay Om
Snowman Cake Chocolate 1x 60,000 60,000 ure

"" | Strawberry Log Cake 2x 105,000 210,000 [RA
Sub Total 385,000
GRAND TOTAL 385,000 am
- VISA MASTER 385,000 5
8213 oo
a EA —_— —— 2
Se CHANGE 1 Mean
eee eee
oe ee ee
= Ma eee |
Ba? ""353 -- Para
5 PI -- =
[sal",385000,385000,
CORD-TEST-083,"a 20,909...
AJAK 107 2,09]
1 Total 23,000
jendered 254000
PE NEN EN NNA sa F",23000,20909,2091
CORD-TEST-084,"ee ie ee
<i a ae?
— et = jee _—
a Dari a merc
a IT
A rr eg aD ome
1
—— tuna —
Se 2 ores Sanga
angan 1 3 ' ies
2 722 2g 3! ai _ + :
ee || W MN
——— a
= =
poeta, Kroket piece
Se 1x 612.000 v2.00 ee
Han fren tren eee
kata, AG 2x @12.000 24.000 Dewa
KG ————— NN
ere re Subtotal Rp 36.000 Peran
eed Tax (10.08) Re 3.600 fn
ee ——— aa
Sanata Total Rp 39.600 fo
Sina tetap Other Re 30.600 Ha
OI ANN
2 me Be
Pan ag Sen ee
: SS ee",39600,36000,3600
CORD-TEST-085,"Yg
Mat eT
BOBO EEX xe xy
3 Nasi Putih 30.000
1 Nasi Tambah ?.000
2 Ayam Pop 40.000
1 Samabal Sp 11.000
1 Sambal Gabus ASin Ep
18.000
pa 1 Kerupuk Kuah 15.000
y 1 IKan Bawal Besa 9 500
1 ArsiLur Dadar 10 000
1 Teh Manis 3.000
1 Es Batu =. 000: 4
Na al 179.500
Manan 1? 950
sg 14 Total 197. 450
y Ttl Mak anan 159 Soo
|” Tt MiNuman 20.000
| ‘ P
Cash 197.450 M
| |
+ |",197450,179500,17950
CORD-TEST-086,"1 8 6Bbrest. -“e
i deras
eee
> Hii
y i Cheezemania 9,900
1 Mamamia 12, 300
SUBTOTAL 22,000
DUE 22,000
CASH 52,000
Na , Aa
CHANGE 10,000
ee
pore GTY m2 ITEM © 2 PCS",22000,22000,
CORD-TEST-087,"—_—_ °°» ©
| QO
; C
lo)
4
2 P
= a
= =
bs = 2 ' ial sa
> sisal $ . '
: , :
(72)
fo)
wi
< | 4
sa £
le cf 2
PUPR i. tu
= pa | 2
w AMA: |
ae at > .
“ik a * LA =",40150,36500,3650
CORD-TEST-088,"(FD
ra :
6) Auntic Anne’
STIX ECLAIRS
1 x 19,000 49,000
ALMOND CREAM CHEESE
1 x 28,000 28,000
SUBTOTAL. ( an ang
GRAND TOTAL 47,000
VISA 8945 47,000
CHANGE DUE 0",47000,47000,
CORD-TEST-089,"Ra i :
— OE ee
aie Bi ae
a | TR
sn ‘ ae
oo. MR
Pe “a
— 8
Bung a
ae “an
es ce
|
.
3
|
E.
Ni h y
IN
| Ten :
Ve | i ee |
Ida PLAN 4
ea: £9 Of DN
By 4 : + GU oo
E 1 3 et"" 2. :$ & 000 Han
a ae PT
B, “ag Um mama Rum NN
20. 05 —
a 13 ae
as ""3 Re
7"" a",40000,40000,
CORD-TEST-090,"PATE Sea SMS EER PR de ERE
ee hh ,
cute mn —
exe © Cee ee |
Li i a ie Wh
05 ope te Se AA
pe Ki eee =e
oe te 33 ma
2 + a
—— 4 1 CIRENG PANDAWA 26,818
6 Subtotal 26,818
pe Pbi 2,681
at Total 29,500
ne CASH 29,500
= Total Item 1
S3 Total Oty 1
ae
—
-
oi",29500,26818,2681
CORD-TEST-091,"it af
, Mal ae
one toe
ina. ies
ore
a tenan
1 BAKSO BNGKS 15. 000
8 GORENGAN ""6, 006,
TL ""21, 000
CASH 30, 900
ca “| Ooo)
Sa",21000,,
CORD-TEST-092,"901016 TICKET (2 0
4 80.000 2110000
= '
TOTAL CQty=4.00)240.000
- CASH a 250.000
CHANGE gw 10,000
e obok la HK",240000,,
CORD-TEST-093,"THAI ICED TEA (L)
yk 16,363 16,363
Jumlah Item i
Sub Total 14,343
Pajak Resto 1,434
Grand Total : 90?
: a+ ol oo
| a aa a oe jaka",17999,16363,1636
CORD-TEST-094,"ss
=
«
za
- sii
Ps Oo
> + =x
a
Sak ud
” MN --- >
ly a
= ""0
« le)
a z
i 2 TAHU GORENG 28,000 O
= 1 CAKWE 17,000 =
> 1 PHOTAICHINI R) 63,000 &
1 TEA 11,000
w Sub Total 113,000 =
n ‘ ae |
ws Serw, 7.0% 8,330 6
= PB1 10,0% 12,733 46
< Grand Total 140,063 0
zs CREDIT CAR: 140,063 2
-
BN lan ma ee an ma EN PN o
- — nama pa",140063,119000,12733
CORD-TEST-095,"TA
| @

ie $
ae . fy,
= Ra
Tag ana
ESA NN
5 1 BI
@ RA
AN
IN

x)

»

""3
uh
2
“
> “-
{
1",61799,56181,5618
CORD-TEST-096,"dlu =
Hi) | | | |
(Nan |
| | | a
| |
| UI | |
ji ihe me | |
| as NA
UN sad ""NI
Na seceeteveaunenrenvennecncanvreneans@nt = at
| mma II
| AA UU
1), |) Pay Gast's0.000 Change :9,000 i UN \
ee ce TU | |
ee Mba : | \
TR",41000,41000,
CORD-TEST-097,"noe Aware
saan (eae
og Quien
» ive : a mam
2 120.000
BUBUR GO 40.000
PUYUH GO 6.000
3 13.000
SATEATIZG0 9.000
6.00xI TEMS
TOTAL 55.000
CASH 55.000
1 we can
MA erat ea
on re etna;",55000,,
CORD-TEST-098,"re Tin => 32. ES Tag : ms: — ay, a Pt Te ee ae —
fe ai eo, - “ ge Se aa . =
TA US ae , / - ring a = . “15 :
Lae | ~<a 2 Sa on = == ees
: Tea SS = ""Ne : Mp ""Na “na Ma ~ “<< oe “ix 1 na ee S3
> S— i Se 1 oo“ Se
= ee aan ass as 7 1 = te Ng an Sean
Om oS i » te. 2 SS = 1 Sa Haa in Tg :
eS Ka an
= ===.
= —
ng ™~
C = » Na
E BE |
SER =. =
SSS — = Ta
FOOD JAR L IN
Guali CLE Ar Te ~~, SSS
uality/Ky) ce a TT gong KAMAR VED TN SS
CBO EEL ba MMWR NN FO Ma KUN alae NU | - = =
Presentay Ma Ni KA HAMA TAMAN aa al MABA HN 1 6 « 2 BL RN
(Ulat NU Ba MAS ween tg AA ath : SS
Taste/Ras— — 5 spit ————— Bae 2-5... : = —S
BEVERAG SS NN
Guality/K = (AN =
Presenta - SSS
Her soem SS SS ee — Beton = aw oe SS SS == =
Taste/Ra 1 BLACK PEPPER MEATBAI \ PAS (9 Ka = SSS SS SS
| TRUFFLE CREAM 1 Ww —— .
VICE 1 EARL GREY MILK TEA Eee on ~
a Aral SUBTTL 215,000 — SS
riendlin : Nara ne 9) IM a =
Service Charge Gs Tan 38” =
Pagal"" [AX 10% cea a
Attentiv tener agai Selatan 8 = =
Time/W TOTAL 250, A21
| [Cr
: ee ——
——
~ Ss
S TN
N =
. aN a
Sc K",250690,215000,22790
CORD-TEST-099,"i. bss ""31 Ji Pt
Y ja ""3 anna A
3G | 4
‘ aha ey
ah Mb.
| ita
“5 1 FL-Xmas 30 off 68,180
a 1 PAKET SLICES 0 |
te? 1» FL Cake - French 0 ii
- Vanila SLC 23
Pu 1 ""PAKET SLICES 0 |.
a 1 »FL Cake - Green 0 a
Tea SLC
3 1 PAKET SLICES 0
1 FL Cake - Belgium 0 i
Choco SLC
h
SUBTOTAL 68,180
DISKON 0
BIAYA TAMBAHAN 0
PAJAK PPN 10 96 6,818 1
PAJAK 0 9o 0
BIAYA CC 0
PEMBULATAN 2
TOTAL 75,000
TUNAI 0
NON TUNAI 75,000
KEMBALI 0
set “—
Pe agan
Pn",75000,68180,
